x,y,c
39.29241,-76.61408,5
39.28242,-76.59288,4
39.34805,-76.58834,3
39.36263,-76.55161,3
39.28938,-76.61971,5
39.37070,-76.56709,3
39.28624,-76.64455,1
39.29591,-76.56777,4
39.33177,-76.54873,3
39.30340,-76.63842,5
39.29662,-76.66508,1
39.30587,-76.67216,1
39.29883,-76.61042,5
39.28111,-76.57824,4
39.32120,-76.53906,3
39.28796,-76.63672,1
39.30364,-76.61172,5
39.28810,-76.64888,1
39.28660,-76.68681,1
39.31249,-76.64539,1
39.31249,-76.64539,1
39.23616,-76.61077,0
39.35908,-76.56120,3
39.30038,-76.58101,4
39.30128,-76.58385,4
39.35025,-76.59839,3
39.32000,-76.62224,5
39.34513,-76.54164,3
39.29765,-76.56099,4
39.27769,-76.68649,1
39.30684,-76.62412,5
39.29628,-76.56779,4
39.31331,-76.64263,5
39.30588,-76.63353,5
39.33310,-76.54578,3
39.36789,-76.64938,2
39.30479,-76.55919,4
39.30344,-76.63458,5
39.31819,-76.61706,5
39.33096,-76.69447,2
39.36039,-76.57142,3
39.28524,-76.64503,1
39.35952,-76.58856,3
39.36914,-76.58820,3
39.34309,-76.66716,2
39.35131,-76.56226,3
39.29489,-76.62127,5
39.29858,-76.62437,5
39.27905,-76.63523,1
39.31435,-76.61810,5
39.28668,-76.60980,5
39.28810,-76.64888,1
39.32178,-76.56278,3
39.28141,-76.57407,4
39.35909,-76.69467,2
39.30423,-76.62992,5
39.24570,-76.62276,0
39.31794,-76.61380,5
39.35860,-76.69386,2
39.29735,-76.57302,4
39.30294,-76.63386,5
39.31484,-76.56457,4
39.30548,-76.64362,1
39.32074,-76.56522,3
39.31599,-76.63616,5
39.32140,-76.56856,3
39.34415,-76.67980,2
39.34553,-76.56367,3
39.31545,-76.68735,2
39.33909,-76.60551,3
39.25430,-76.65160,1
39.34306,-76.59479,3
39.26109,-76.65869,1
39.30445,-76.63833,5
39.28634,-76.61946,5
39.30392,-76.54074,4
39.30392,-76.54074,4
39.22882,-76.59287,0
39.29536,-76.64012,1
39.28307,-76.58037,4
39.29910,-76.56033,4
39.27937,-76.65494,1
39.28556,-76.67107,1
39.30280,-76.61436,5
39.31039,-76.60236,5
39.29131,-76.61010,5
39.33616,-76.70622,2
39.36391,-76.54867,3
39.29434,-76.57097,4
39.29921,-76.60015,5
39.32407,-76.62346,5
39.35085,-76.66110,2
39.31110,-76.58436,4
39.32365,-76.62339,5
39.28962,-76.65299,1
39.33093,-76.67084,2
39.30385,-76.54095,4
39.28270,-76.64973,1
39.34336,-76.66242,2
39.30344,-76.63458,5
39.22812,-76.60005,0
39.30810,-76.63090,5
39.29732,-76.59757,5
39.30138,-76.61311,5
39.29164,-76.56050,4
39.28761,-76.53982,4
39.28492,-76.58522,4
39.32320,-76.61717,5
39.29112,-76.63072,5
39.29112,-76.63072,5
39.29320,-76.60817,5
39.30023,-76.57952,4
39.29112,-76.63072,5
39.29112,-76.63072,5
39.29112,-76.63072,5
39.28054,-76.58046,4
39.30977,-76.59132,4
39.30198,-76.63061,5
39.31497,-76.63843,5
39.32804,-76.60946,5
39.34208,-76.53219,3
39.30100,-76.58390,4
39.30362,-76.67372,1
39.33864,-76.66461,2
39.29199,-76.67547,1
39.27154,-76.59896,0
39.37067,-76.60984,3
39.28959,-76.61518,5
39.32081,-76.62574,5
39.29798,-76.63170,5
39.27724,-76.61063,0
39.28676,-76.56335,4
39.26879,-76.65109,1
39.33278,-76.60564,5
39.34712,-76.60966,3
39.22768,-76.59880,0
39.28675,-76.56315,4
39.28622,-76.62239,5
39.23178,-76.59235,0
39.28838,-76.64145,1
39.32442,-76.68735,2
39.30187,-76.60635,5
39.32374,-76.61580,5
39.29536,-76.64012,1
39.32886,-76.66202,2
39.32464,-76.58837,3
39.34500,-76.58860,3
39.32960,-76.65914,2
39.30063,-76.61589,5
39.29639,-76.64648,1
39.30675,-76.58838,4
39.35952,-76.58856,3
39.29439,-76.58332,4
39.28657,-76.61100,5
39.29099,-76.57023,4
39.35829,-76.60573,3
39.36086,-76.56692,3
39.34466,-76.67068,2
39.33438,-76.65979,2
39.25702,-76.62901,0
39.28476,-76.53219,4
39.31476,-76.60551,5
39.22918,-76.60020,0
39.31424,-76.61675,5
39.36290,-76.55037,3
39.29410,-76.70839,1
39.37138,-76.56697,3
39.23543,-76.61101,0
39.34131,-76.54711,3
39.29140,-76.56564,4
39.35870,-76.60638,3
39.32671,-76.57383,3
39.30533,-76.57418,4
39.30533,-76.57418,4
39.31889,-76.55159,4
39.28742,-76.56343,4
39.26243,-76.63330,0
39.33171,-76.53373,3
39.32829,-76.60813,5
39.29190,-76.57016,4
39.29190,-76.57016,4
39.30241,-76.61586,5
39.33096,-76.69447,2
39.32514,-76.62549,5
39.27991,-76.65285,1
39.36392,-76.58678,3
39.33459,-76.67418,2
39.30645,-76.64450,1
39.34457,-76.68300,2
39.29883,-76.61042,5
39.27408,-76.62769,0
39.29262,-76.59640,4
39.32029,-76.68187,2
39.36443,-76.58930,3
39.28776,-76.53576,4
39.35344,-76.56043,3
39.31099,-76.61689,5
39.22814,-76.59030,0
39.31235,-76.66678,1
39.27706,-76.65734,1
39.33193,-76.54038,3
39.30413,-76.58118,4
39.31338,-76.64842,1
39.30189,-76.66559,1
39.31729,-76.59814,5
39.30531,-76.59669,5
39.29743,-76.57799,4
39.23170,-76.60458,0
39.29911,-76.62350,5
39.29727,-76.60379,5
39.29759,-76.59080,4
39.37015,-76.58888,3
39.30400,-76.63527,5
39.28572,-76.58789,4
39.35858,-76.60061,3
39.30413,-76.58118,4
39.31235,-76.66528,1
39.29193,-76.63828,1
39.28135,-76.69788,1
39.31013,-76.58934,4
39.32224,-76.59907,5
39.34008,-76.53749,3
39.30313,-76.64485,1
39.33255,-76.65107,2
39.27253,-76.53116,4
39.27248,-76.60583,0
39.31531,-76.57555,4
39.34578,-76.58619,3
39.29651,-76.58696,4
39.29431,-76.57700,4
39.29630,-76.68397,1
39.29610,-76.57061,4
39.23232,-76.60241,0
39.32916,-76.55448,3
39.31813,-76.57773,4
39.29632,-76.62002,5
39.32232,-76.56870,3
39.35638,-76.70284,2
39.28184,-76.63000,5
39.28184,-76.63000,5
39.23025,-76.60038,0
39.31283,-76.66243,1
39.29271,-76.57483,4
39.29271,-76.57483,4
39.33339,-76.54726,3
39.33164,-76.66767,2
39.28838,-76.57012,4
39.28695,-76.60420,5
39.32875,-76.66535,2
39.28679,-76.60210,5
39.29452,-76.57874,4
39.29452,-76.57874,4
39.22904,-76.59744,0
39.27629,-76.61436,0
39.28196,-76.61476,5
39.34747,-76.67617,2
39.29848,-76.65500,1
39.29731,-76.62060,5
39.32513,-76.68821,2
39.29878,-76.58321,4
39.33013,-76.60829,5
39.30482,-76.58017,4
39.28101,-76.64652,1
39.29933,-76.58520,4
39.34906,-76.65981,2
39.34906,-76.65981,2
39.31246,-76.61803,5
39.29595,-76.57294,4
39.34707,-76.65817,2
39.34707,-76.65817,2
39.27710,-76.60701,0
39.32351,-76.60940,5
39.31072,-76.65310,1
39.27856,-76.62759,5
39.28756,-76.63838,1
39.34833,-76.67057,2
39.33219,-76.54486,3
39.35535,-76.57380,3
39.27719,-76.56732,4
39.29036,-76.56424,4
39.23824,-76.60069,0
39.29479,-76.57310,4
39.29856,-76.61720,5
39.29879,-76.64690,1
39.23815,-76.60977,0
39.25336,-76.62641,0
39.29039,-76.56484,4
39.29421,-76.61550,5
39.31169,-76.60494,5
39.32325,-76.62300,5
39.35776,-76.58215,3
39.29923,-76.58673,4
39.28623,-76.62092,5
39.33309,-76.64777,2
39.28250,-76.69301,1
39.34602,-76.61360,5
39.30677,-76.65490,1
39.31010,-76.62404,5
39.31461,-76.64648,1
39.32340,-76.68310,2
39.31023,-76.58299,4
39.29298,-76.62119,5
39.24661,-76.63584,0
39.31023,-76.58299,4
39.30966,-76.56330,4
39.30192,-76.66185,1
39.26157,-76.66657,1
39.31174,-76.60396,5
39.36725,-76.69475,2
39.24344,-76.62641,0
39.29764,-76.57213,4
39.31922,-76.68488,2
39.29376,-76.61360,5
39.29466,-76.67280,1
39.29773,-76.63107,5
39.31363,-76.62996,5
39.26724,-76.64445,1
39.23449,-76.60435,0
39.37086,-76.56494,3
39.31663,-76.63242,5
39.28719,-76.63945,1
39.36318,-76.57170,3
39.26845,-76.61182,0
39.22378,-76.58725,0
39.31645,-76.61687,5
39.28889,-76.64614,1
39.29044,-76.59127,4
39.32167,-76.57352,3
39.34078,-76.68468,2
39.29931,-76.58094,4
39.28670,-76.59147,4
39.28670,-76.59147,4
39.32049,-76.62010,5
39.25107,-76.64487,0
39.28347,-76.64206,1
39.29867,-76.58568,4
39.31095,-76.59765,5
39.28756,-76.63846,1
39.31177,-76.63527,5
39.28891,-76.56921,4
39.36780,-76.70917,2
39.29916,-76.57338,4
39.29237,-76.57322,4
39.35470,-76.70969,2
39.29253,-76.61012,5
39.29896,-76.64023,1
39.27515,-76.62403,0
39.29045,-76.62021,5
39.30344,-76.63458,5
39.30344,-76.63458,5
39.36935,-76.69242,2
39.28075,-76.65079,1
39.35362,-76.55900,3
39.30173,-76.59782,5
39.23696,-76.60848,0
39.23696,-76.60848,0
39.29406,-76.61823,5
39.27815,-76.68352,1
39.36839,-76.56678,3
39.28446,-76.59631,4
39.27254,-76.53030,4
39.28263,-76.57845,4
39.28994,-76.60209,5
39.28838,-76.64145,1
39.29501,-76.57721,4
39.31149,-76.60888,5
39.34045,-76.66710,2
39.31440,-76.64128,5
39.31426,-76.58974,4
39.27194,-76.59440,0
39.30590,-76.66734,1
39.29771,-76.62440,5
39.30150,-76.60354,5
39.29771,-76.62440,5
39.28673,-76.60844,5
39.33143,-76.60942,5
39.31504,-76.56331,4
39.32370,-76.68136,2
39.30025,-76.60007,5
39.34537,-76.59506,3
39.29731,-76.61612,5
39.30878,-76.62557,5
39.32746,-76.55429,3
39.34021,-76.59093,3
39.31344,-76.66784,1
39.36312,-76.56677,3
39.30418,-76.67209,1
39.28549,-76.58569,4
39.33382,-76.59307,3
39.35266,-76.60976,3
39.28663,-76.56601,4
39.27312,-76.53983,4
39.32076,-76.62362,5
39.32076,-76.62362,5
39.29366,-76.58335,4
39.31555,-76.63755,5
39.34698,-76.53951,3
39.27983,-76.66656,1
39.34349,-76.68319,2
39.30118,-76.63827,5
39.28779,-76.61215,5
39.24890,-76.62503,0
39.27987,-76.66656,1
39.29536,-76.64012,1
39.29414,-76.67440,1
39.31353,-76.61111,5
39.29768,-76.58786,4
39.28367,-76.60173,5
39.31089,-76.67560,1
39.34476,-76.68321,2
39.26961,-76.65221,1
39.31219,-76.63563,5
39.35867,-76.59090,3
39.31148,-76.58453,4
39.32207,-76.56944,3
39.36818,-76.56682,3
39.31264,-76.63269,5
39.34359,-76.55555,3
39.25745,-76.63173,0
39.28161,-76.68862,1
39.28316,-76.59351,4
39.30550,-76.64062,5
39.28615,-76.64598,1
39.34986,-76.68667,2
39.32027,-76.67559,2
39.32027,-76.67559,2
39.32027,-76.67559,2
39.35511,-76.71084,2
39.23458,-76.59662,0
39.35412,-76.69950,2
39.29105,-76.63100,5
39.22958,-76.60162,0
39.31089,-76.63438,5
39.31089,-76.63438,5
39.34178,-76.60343,3
39.29529,-76.59129,4
39.29529,-76.59129,4
39.32156,-76.59128,5
39.32156,-76.59128,5
39.29714,-76.68048,1
39.31645,-76.61687,5
39.33141,-76.55873,3
39.27527,-76.69414,1
39.30602,-76.63203,5
39.30961,-76.56295,4
39.37022,-76.59248,3
39.33459,-76.67418,2
39.30895,-76.65510,1
39.32039,-76.60951,5
39.34362,-76.65230,2
39.30515,-76.66813,1
39.35212,-76.68867,2
39.29906,-76.57605,4
39.32529,-76.66169,2
39.33123,-76.69897,2
39.31683,-76.56285,4
39.29619,-76.57783,4
39.35258,-76.66524,2
39.34539,-76.68962,2
39.29433,-76.56829,4
39.22866,-76.59760,0
39.31188,-76.60951,5
39.29333,-76.57722,4
39.32465,-76.61221,5
39.31778,-76.61783,5
39.35316,-76.68322,2
39.30732,-76.57996,4
39.29104,-76.63825,1
39.33872,-76.68596,2
39.25830,-76.66262,1
39.33758,-76.63487,5
39.33770,-76.57244,3
39.30024,-76.61857,5
39.28511,-76.64860,1
39.28771,-76.60696,5
39.28388,-76.65512,1
39.32550,-76.60618,5
39.29349,-76.57183,4
39.37134,-76.60982,3
39.28505,-76.63861,1
39.34315,-76.67494,2
39.29106,-76.63245,5
39.32698,-76.68129,2
39.34010,-76.61084,5
39.36156,-76.58231,3
39.31665,-76.59543,5
39.31033,-76.64277,5
39.31028,-76.70755,2
39.30862,-76.65508,1
39.33296,-76.66339,2
39.28633,-76.64374,1
39.29599,-76.58357,4
39.30287,-76.66721,1
39.30287,-76.66721,1
39.30287,-76.66721,1
39.25555,-76.64276,0
39.25555,-76.64276,0
39.35521,-76.60695,3
39.28862,-76.63674,1
39.35893,-76.61044,3
39.29618,-76.57933,4
39.32316,-76.59344,5
39.28936,-76.56730,4
39.28651,-76.57056,4
39.29630,-76.57211,4
39.28882,-76.62221,5
39.28055,-76.61581,5
39.35448,-76.66237,2
39.35801,-76.61149,3
39.31821,-76.60205,5
39.35426,-76.59933,3
39.26703,-76.65112,1
39.30888,-76.58417,4
39.31592,-76.57672,4
39.36747,-76.57134,3
39.29219,-76.66173,1
39.30143,-76.54384,4
39.29178,-76.57470,4
39.31279,-76.62968,5
39.27871,-76.66349,1
39.34072,-76.65959,2
39.37064,-76.54561,3
39.34387,-76.62971,5
39.36474,-76.58482,3
39.28527,-76.64510,1
39.31853,-76.61973,5
39.27979,-76.62804,5
39.26449,-76.65493,1
39.28756,-76.56908,4
39.32215,-76.60946,5
39.29694,-76.65538,1
39.34064,-76.54348,3
39.30920,-76.64054,5
39.35921,-76.70652,2
39.31648,-76.57819,4
39.34301,-76.68369,2
39.30418,-76.57983,4
39.35249,-76.54284,3
39.29870,-76.58651,4
39.31080,-76.65106,1
39.29753,-76.61993,5
39.26119,-76.65854,1
39.34459,-76.65908,2
39.29789,-76.57934,4
39.30145,-76.58108,4
39.28761,-76.53982,4
39.33831,-76.65704,2
39.31466,-76.63610,5
39.28839,-76.61255,5
39.32526,-76.62913,5
39.23256,-76.60934,0
39.30784,-76.65503,1
39.28066,-76.63538,1
39.31582,-76.62920,5
39.30384,-76.57934,4
39.34643,-76.67080,2
39.28862,-76.63674,1
39.23217,-76.59693,0
39.29865,-76.58623,4
39.27258,-76.61593,0
39.31992,-76.57472,4
39.27931,-76.63643,1
39.25460,-76.65250,1
39.32589,-76.67059,2
39.32884,-76.66919,2
39.29824,-76.59760,5
39.32928,-76.67753,2
39.33290,-76.67022,2
39.33290,-76.67022,2
39.29804,-76.57867,4
39.29305,-76.61971,5
39.30495,-76.58820,4
39.30495,-76.58820,4
39.29037,-76.61456,5
39.28650,-76.61535,5
39.29583,-76.64647,1
39.27762,-76.61438,0
39.29348,-76.57772,4
39.29348,-76.57772,4
39.28875,-76.63812,1
39.35022,-76.68925,2
39.36647,-76.61960,3
39.35180,-76.68340,2
39.32740,-76.60938,5
39.33070,-76.61496,5
39.31111,-76.58746,4
39.33699,-76.66820,2
39.30102,-76.62517,5
39.27514,-76.60610,0
39.30907,-76.58572,4
39.29545,-76.57344,4
39.30063,-76.61589,5
39.30492,-76.60628,5
39.34055,-76.68120,2
39.29254,-76.61350,5
39.34154,-76.62626,5
39.28901,-76.64148,1
39.28097,-76.67274,1
39.29439,-76.57255,4
39.28288,-76.63260,1
39.30722,-76.66496,1
39.28390,-76.57986,4
39.35502,-76.55069,3
39.28816,-76.64770,1
39.29350,-76.69266,1
39.28721,-76.54557,4
39.29722,-76.60395,5
39.29722,-76.60395,5
39.29722,-76.60395,5
39.33409,-76.55746,3
39.29349,-76.57183,4
39.28246,-76.56851,4
39.29171,-76.61531,5
39.30416,-76.62610,5
39.35084,-76.67250,2
39.34690,-76.67790,2
39.33857,-76.65914,2
39.30000,-76.57898,4
39.35902,-76.70627,2
39.34131,-76.54711,3
39.28646,-76.59349,4
39.27293,-76.67423,1
39.31868,-76.65399,1
39.31790,-76.54827,4
39.33901,-76.66008,2
39.32854,-76.60847,5
39.29901,-76.64023,1
39.36797,-76.68319,2
39.27884,-76.54266,4
39.23368,-76.59388,0
39.29734,-76.68142,1
39.30550,-76.64062,5
39.30258,-76.61154,5
39.29437,-76.56739,4
39.33434,-76.65987,2
39.29300,-76.57006,4
39.29135,-76.60779,5
39.29217,-76.58749,4
39.33076,-76.54320,3
39.31605,-76.65658,1
39.29776,-76.65403,1
39.31013,-76.64169,5
39.28293,-76.64376,1
39.28973,-76.60963,5
39.29007,-76.56353,4
39.31212,-76.59525,5
39.32348,-76.58766,3
39.34927,-76.53685,3
39.29718,-76.66333,1
39.31578,-76.65245,1
39.32636,-76.60644,5
39.32329,-76.59646,5
39.26757,-76.65152,1
39.34064,-76.54348,3
39.35973,-76.59133,3
39.33769,-76.66380,2
39.28416,-76.64674,1
39.33851,-76.65938,2
39.28654,-76.59449,4
39.33985,-76.66074,2
39.29621,-76.63088,5
39.31354,-76.56583,4
39.27605,-76.54162,4
39.25131,-76.64253,0
39.32737,-76.56543,3
39.30124,-76.64312,1
39.30140,-76.61970,5
39.31303,-76.63321,5
39.29930,-76.62075,5
39.32774,-76.65943,2
39.29390,-76.62131,5
39.27972,-76.66435,1
39.29375,-76.62337,5
39.27582,-76.61372,0
39.27408,-76.62769,0
39.34426,-76.64051,2
39.32774,-76.65943,2
39.30803,-76.65257,1
39.29195,-76.58475,4
39.28623,-76.62092,5
39.30045,-76.64845,1
39.33946,-76.67002,2
39.28973,-76.61022,5
39.32084,-76.69837,2
39.30820,-76.66487,1
39.32430,-76.60808,5
39.28701,-76.55641,4
39.31237,-76.59029,4
39.24661,-76.63584,0
39.29131,-76.63833,1
39.31165,-76.59166,4
39.28036,-76.65391,1
39.25291,-76.65227,1
39.28880,-76.61086,5
39.29135,-76.57256,4
39.30764,-76.63757,5
39.33173,-76.66378,2
39.29333,-76.57722,4
39.28795,-76.54289,4
39.29387,-76.68192,1
39.35002,-76.60748,3
39.27927,-76.63505,1
39.30969,-76.56306,4
39.31943,-76.57076,4
39.28783,-76.53711,4
39.28335,-76.63390,1
39.30990,-76.58857,4
39.34177,-76.65974,2
39.29849,-76.62421,5
39.29657,-76.57064,4
39.36210,-76.71032,2
39.36133,-76.70282,2
39.29363,-76.58406,4
39.27283,-76.62958,0
39.30482,-76.60819,5
39.30542,-76.59373,4
39.27891,-76.62386,5
39.28667,-76.56499,4
39.29917,-76.62362,5
39.28496,-76.55703,4
39.27474,-76.61136,0
39.28706,-76.55422,4
39.35098,-76.67067,2
39.29713,-76.60407,5
39.28093,-76.67228,1
39.28519,-76.64681,1
39.28842,-76.59944,5
39.34685,-76.67502,2
39.27142,-76.67666,1
39.28350,-76.56882,4
39.30941,-76.62907,5
39.33723,-76.53846,3
39.25080,-76.63091,0
39.27758,-76.62450,0
39.29565,-76.70363,1
39.28696,-76.58563,4
39.28361,-76.64490,1
39.34682,-76.54838,3
39.29768,-76.60184,5
39.29152,-76.56495,4
39.25008,-76.62282,0
39.29090,-76.57613,4
39.30121,-76.61594,5
39.29789,-76.66893,1
39.26761,-76.58971,0
39.28362,-76.67214,1
39.30725,-76.59960,5
39.35023,-76.60974,3
39.23360,-76.60545,0
39.31802,-76.61123,5
39.30145,-76.64455,1
39.23774,-76.60288,0
39.29481,-76.57081,4
39.23845,-76.60961,0
39.28828,-76.57012,4
39.28676,-76.60781,5
39.30862,-76.56003,4
39.29769,-76.56980,4
39.29394,-76.62124,5
39.29811,-76.64586,1
39.32601,-76.59357,3
39.32601,-76.59357,3
39.31699,-76.63392,5
39.27984,-76.62410,5
39.28847,-76.54663,4
39.26453,-76.65479,1
39.33680,-76.65994,2
39.28162,-76.63794,1
39.31428,-76.68014,2
39.28162,-76.63794,1
39.28162,-76.63794,1
39.29335,-76.57625,4
39.31462,-76.63618,5
39.30947,-76.62464,5
39.29125,-76.56937,4
39.28968,-76.61210,5
39.30692,-76.62198,5
39.34588,-76.54069,3
39.31995,-76.62220,5
39.27408,-76.62769,0
39.27978,-76.68268,1
39.23726,-76.60540,0
39.36763,-76.57287,3
39.33665,-76.61983,5
39.29176,-76.55985,4
39.28792,-76.58717,4
39.28792,-76.58717,4
39.26870,-76.65279,1
39.23923,-76.60445,0
39.29098,-76.59315,4
39.29194,-76.67267,1
39.27567,-76.61758,0
39.31117,-76.61656,5
39.31133,-76.61661,5
39.29669,-76.62012,5
39.34540,-76.67783,2
39.29614,-76.57861,4
39.29350,-76.69257,1
39.31529,-76.67307,2
39.32000,-76.59553,5
39.34483,-76.70096,2
39.29419,-76.57487,4
39.28954,-76.61533,5
39.29056,-76.64803,1
39.31522,-76.64530,1
39.28436,-76.56697,4
39.28449,-76.56867,4
39.28862,-76.60950,5
39.30432,-76.67226,1
39.29732,-76.58365,4
39.33782,-76.66144,2
39.31889,-76.59870,5
39.28926,-76.60210,5
39.28844,-76.64010,1
39.28980,-76.57320,4
39.28169,-76.68388,1
39.28174,-76.61279,5
39.36271,-76.69309,2
39.26497,-76.64944,1
39.34495,-76.59712,3
39.33639,-76.63794,5
39.30727,-76.62990,5
39.37193,-76.54440,3
39.32098,-76.62300,5
39.32731,-76.60945,5
39.28146,-76.59407,4
39.28857,-76.56664,4
39.30176,-76.68552,1
39.33724,-76.60407,3
39.32063,-76.68636,2
39.28935,-76.61941,5
39.29119,-76.61400,5
39.29814,-76.66314,1
39.29541,-76.57715,4
39.29982,-76.61785,5
39.30592,-76.57944,4
39.28977,-76.60985,5
39.28358,-76.53249,4
39.31529,-76.67696,2
39.33271,-76.63550,5
39.34242,-76.66235,2
39.27355,-76.67137,1
39.36601,-76.57230,3
39.29187,-76.65153,1
39.35610,-76.57754,3
39.28596,-76.58345,4
39.33431,-76.68187,2
39.29739,-76.65951,1
39.31398,-76.61257,5
39.29491,-76.64127,1
39.31544,-76.61269,5
39.31544,-76.61269,5
39.33447,-76.60919,5
39.26851,-76.58869,0
39.35467,-76.53960,3
39.31193,-76.58309,4
39.29877,-76.62879,5
39.29800,-76.62785,5
39.29450,-76.66501,1
39.29800,-76.62785,5
39.36407,-76.61110,3
39.30455,-76.63166,5
39.33327,-76.68298,2
39.29710,-76.57258,4
39.30980,-76.57309,4
39.29767,-76.57438,4
39.29248,-76.57034,4
39.32530,-76.56895,3
39.25137,-76.61498,0
39.34405,-76.67684,2
39.29320,-76.60817,5
39.31147,-76.58383,4
39.28313,-76.69892,1
39.33729,-76.60737,5
39.32331,-76.61458,5
39.28829,-76.57005,4
39.33231,-76.66372,2
39.33231,-76.66372,2
39.30393,-76.62639,5
39.25377,-76.65422,1
39.33262,-76.66319,2
39.33262,-76.66319,2
39.33262,-76.66319,2
39.29365,-76.57338,4
39.28541,-76.56994,4
39.29173,-76.57540,4
39.32755,-76.68246,2
39.32714,-76.68159,2
39.34445,-76.68562,2
39.35266,-76.60976,3
39.28205,-76.57895,4
39.27363,-76.61412,0
39.29600,-76.66504,1
39.31330,-76.64624,1
39.28653,-76.61355,5
39.24844,-76.62360,0
39.34593,-76.59356,3
39.34408,-76.66716,2
39.27408,-76.62769,0
39.29299,-76.57030,4
39.32057,-76.62427,5
39.28810,-76.64772,1
39.29298,-76.62119,5
39.35885,-76.67769,2
39.27432,-76.53624,4
39.29236,-76.58695,4
39.31946,-76.56268,4
39.31800,-76.65821,1
39.30948,-76.62319,5
39.28664,-76.59221,4
39.36662,-76.65175,2
39.26682,-76.64945,1
39.22788,-76.59950,0
39.34424,-76.68246,2
39.33185,-76.56185,3
39.36687,-76.60630,3
39.32923,-76.68887,2
39.28043,-76.54569,4
39.31026,-76.63854,5
39.32829,-76.60928,5
39.31196,-76.59922,5
39.33229,-76.59771,3
39.29470,-76.57558,4
39.35461,-76.58988,3
39.31354,-76.61804,5
39.30007,-76.58525,4
39.28664,-76.55291,4
39.30070,-76.59772,5
39.27321,-76.52980,4
39.27209,-76.61612,0
39.28780,-76.60150,5
39.23407,-76.60699,0
39.28567,-76.56605,4
39.29758,-76.59087,4
39.28938,-76.61967,5
39.28154,-76.59068,4
39.28659,-76.64878,1
39.32829,-76.66149,2
39.29339,-76.69559,1
39.30400,-76.63527,5
39.29339,-76.69559,1
39.36365,-76.53957,3
39.32359,-76.54307,3
39.32090,-76.67507,2
39.33235,-76.70277,2
39.31819,-76.57237,4
39.32926,-76.66126,2
39.29758,-76.59087,4
39.36989,-76.64456,2
39.31591,-76.57850,4
39.32919,-76.54154,3
39.30704,-76.63195,5
39.27146,-76.61594,0
39.37005,-76.64618,2
39.26461,-76.65030,1
39.34996,-76.61211,3
39.31282,-76.65361,1
39.30980,-76.57309,4
39.27355,-76.67137,1
39.27355,-76.67137,1
39.29374,-76.61050,5
39.31560,-76.54097,4
39.29298,-76.62119,5
39.28128,-76.62870,5
39.26157,-76.66657,1
39.32914,-76.53120,3
39.37156,-76.58695,3
39.30945,-76.65488,1
39.33798,-76.66302,2
39.28963,-76.61182,5
39.29309,-76.66154,1
39.29545,-76.57344,4
39.28580,-76.67901,1
39.34423,-76.66485,2
39.28274,-76.63537,1
39.35107,-76.59332,3
39.23014,-76.60376,0
39.28862,-76.67339,1
39.28966,-76.57176,4
39.35362,-76.55900,3
39.28628,-76.61945,5
39.28628,-76.61945,5
39.29861,-76.58776,4
39.35574,-76.70303,2
39.28381,-76.63995,1
39.28381,-76.63995,1
39.29885,-76.58139,4
39.30803,-76.65257,1
39.36381,-76.70685,2
39.28316,-76.64515,1
39.31751,-76.67053,2
39.27145,-76.60084,0
39.34077,-76.69429,2
39.29213,-76.64128,1
39.29590,-76.57589,4
39.29045,-76.62021,5
39.31877,-76.59787,5
39.29169,-76.61245,5
39.31470,-76.63807,5
39.33756,-76.63474,5
39.34655,-76.54321,3
39.28512,-76.64828,1
39.30986,-76.61557,5
39.31365,-76.61112,5
39.31365,-76.61112,5
39.30050,-76.59778,5
39.30050,-76.59778,5
39.33334,-76.63570,5
39.29818,-76.59994,5
39.29818,-76.59994,5
39.35450,-76.53094,3
39.29277,-76.68060,1
39.33696,-76.62453,5
39.21539,-76.58757,0
39.32174,-76.57751,3
39.22886,-76.59820,0
39.31868,-76.65399,1
39.28847,-76.58598,4
39.29426,-76.58627,4
39.31148,-76.55963,4
39.29024,-76.53823,4
39.29048,-76.53914,4
39.31601,-76.65640,1
39.31601,-76.65640,1
39.30387,-76.63511,5
39.28849,-76.59362,4
39.35337,-76.68843,2
39.29720,-76.61290,5
39.28783,-76.66017,1
39.29683,-76.61998,5
39.31154,-76.58299,4
39.27765,-76.61747,0
39.31289,-76.62720,5
39.29545,-76.57344,4
39.28522,-76.61995,5
39.31732,-76.67524,2
39.28761,-76.53982,4
39.29477,-76.64559,1
39.29060,-76.58855,4
39.31114,-76.61812,5
39.26761,-76.58972,0
39.26273,-76.64069,0
39.25137,-76.61498,0
39.34683,-76.69832,2
39.36541,-76.59701,3
39.29367,-76.61546,5
39.29451,-76.66302,1
39.28601,-76.58199,4
39.29116,-76.57464,4
39.29491,-76.61985,5
39.36409,-76.61211,3
39.28810,-76.64888,1
39.31524,-76.67299,2
39.29407,-76.59062,4
39.27703,-76.56732,4
39.28941,-76.61231,5
39.28631,-76.64229,1
39.36818,-76.56682,3
39.35527,-76.67877,2
39.29656,-76.70887,1
39.35576,-76.56303,3
39.35576,-76.56303,3
39.35576,-76.56303,3
39.32122,-76.55404,3
39.28600,-76.68620,1
39.30704,-76.64803,1
39.31148,-76.55963,4
39.28853,-76.63825,1
39.32448,-76.53918,3
39.29636,-76.66068,1
39.33448,-76.60017,3
39.29771,-76.57213,4
39.34286,-76.69169,2
39.27690,-76.68672,1
39.32914,-76.53120,3
39.23385,-76.59812,0
39.33619,-76.63527,5
39.23385,-76.59812,0
39.35984,-76.68818,2
39.22251,-76.59303,0
39.29277,-76.62185,5
39.32050,-76.54952,3
39.29959,-76.61717,5
39.32459,-76.68012,2
39.28117,-76.65693,1
39.35180,-76.68340,2
39.29274,-76.57697,4
39.29866,-76.59093,4
39.30802,-76.60064,5
39.30802,-76.60064,5
39.28646,-76.59683,4
39.28932,-76.65077,1
39.26926,-76.66914,1
39.29794,-76.57625,4
39.31147,-76.58383,4
39.30007,-76.63935,1
39.29523,-76.59602,4
39.28967,-76.57099,4
39.30029,-76.58519,4
39.30029,-76.58519,4
39.30543,-76.61522,5
39.31502,-76.56349,4
39.29127,-76.61110,5
39.30985,-76.64667,1
39.29019,-76.60465,5
39.35138,-76.58592,3
39.32644,-76.67747,2
39.28464,-76.59076,4
39.33447,-76.54134,3
39.29164,-76.61729,5
39.29328,-76.61972,5
39.30087,-76.68388,1
39.31419,-76.68642,2
39.30899,-76.65503,1
39.29563,-76.57351,4
39.34564,-76.68085,2
39.29838,-76.59441,4
39.28147,-76.69132,1
39.29192,-76.58460,4
39.29720,-76.57294,4
39.30970,-76.63450,5
39.32158,-76.57007,3
39.30562,-76.55011,4
39.30562,-76.55011,4
39.32039,-76.55223,3
39.32374,-76.61716,5
39.28260,-76.64718,1
39.31374,-76.61263,5
39.32981,-76.60662,5
39.29120,-76.60458,5
39.31892,-76.55161,4
39.29006,-76.61944,5
39.28197,-76.63556,1
39.28969,-76.64125,1
39.29867,-76.59723,5
39.35536,-76.60827,3
39.29326,-76.57836,4
39.29326,-76.57836,4
39.35641,-76.63487,2
39.28790,-76.53627,4
39.29086,-76.68041,1
39.25702,-76.62901,0
39.37005,-76.64618,2
39.28272,-76.64279,1
39.29136,-76.59960,5
39.30632,-76.63847,5
39.28210,-76.59436,4
39.34889,-76.65769,2
39.36784,-76.63541,2
39.36150,-76.64605,2
39.30161,-76.65648,1
39.37105,-76.59004,3
39.34745,-76.63009,5
39.30992,-76.61788,5
39.30708,-76.63025,5
39.24842,-76.63996,0
39.30544,-76.59318,4
39.28770,-76.65563,1
39.29937,-76.62596,5
39.30211,-76.66571,1
39.32108,-76.60668,5
39.31074,-76.59296,4
39.31074,-76.59296,4
39.29012,-76.62867,5
39.32514,-76.62165,5
39.29646,-76.63089,5
39.30797,-76.64541,1
39.28247,-76.65188,1
39.28073,-76.62726,5
39.32236,-76.53827,3
39.34362,-76.65230,2
39.31549,-76.56891,4
39.28652,-76.63735,1
39.35632,-76.70277,2
39.31868,-76.65399,1
39.28561,-76.56604,4
39.28407,-76.58424,4
39.30603,-76.65245,1
39.32127,-76.67828,2
39.31623,-76.60032,5
39.34579,-76.67867,2
39.23308,-76.59947,0
39.30248,-76.57973,4
39.27626,-76.53171,4
39.27626,-76.53171,4
39.24401,-76.62200,0
39.27267,-76.67497,1
39.32253,-76.62424,5
39.35311,-76.58793,3
39.30770,-76.63557,5
39.29482,-76.58349,4
39.29738,-76.63356,5
39.27941,-76.61226,5
39.28603,-76.63366,1
39.27941,-76.61226,5
39.27760,-76.61287,0
39.31175,-76.58861,4
39.31880,-76.56955,4
39.27363,-76.61630,0
39.31643,-76.57807,4
39.28964,-76.61025,5
39.29758,-76.59087,4
39.33026,-76.70201,2
39.26157,-76.66657,1
39.33907,-76.65990,2
39.32349,-76.56903,3
39.29652,-76.64434,1
39.36967,-76.59787,3
39.30943,-76.62459,5
39.32503,-76.57134,3
39.28120,-76.54876,4
39.31603,-76.60410,5
39.29905,-76.64017,1
39.29905,-76.64017,1
39.32089,-76.61562,5
39.23987,-76.60579,0
39.29698,-76.65491,1
39.36249,-76.70310,2
39.28754,-76.63753,1
39.36780,-76.68034,2
39.35440,-76.60990,3
39.28652,-76.62748,5
39.29247,-76.56904,4
39.31530,-76.59975,5
39.28550,-76.63900,1
39.27408,-76.62769,0
39.36796,-76.67621,2
39.32167,-76.62044,5
39.33483,-76.61062,5
39.35579,-76.60836,3
39.28374,-76.68765,1
39.33465,-76.65589,2
39.31925,-76.70047,2
39.22905,-76.59816,0
39.28258,-76.64532,1
39.28424,-76.64671,1
39.25826,-76.66511,1
39.31560,-76.61521,5
39.27355,-76.67137,1
39.35090,-76.60131,3
39.32042,-76.65537,2
39.29373,-76.57845,4
39.28958,-76.61382,5
39.35300,-76.58498,3
39.34940,-76.65608,2
39.28713,-76.63944,1
39.30070,-76.60254,5
39.32543,-76.57714,3
39.30715,-76.62621,5
39.31280,-76.66821,1
39.35508,-76.60991,3
39.35225,-76.58531,3
39.30523,-76.66557,1
39.26415,-76.65713,1
39.31958,-76.62094,5
39.30902,-76.61484,5
39.29399,-76.60563,5
39.29596,-76.67581,1
39.36818,-76.56682,3
39.32968,-76.68238,2
39.30577,-76.53683,4
39.23450,-76.60436,0
39.28330,-76.63992,1
39.36678,-76.54699,3
39.29187,-76.57405,4
39.28765,-76.60660,5
39.27258,-76.67508,1
39.31086,-76.62512,5
39.32158,-76.54856,3
39.24666,-76.62526,0
39.34530,-76.68142,2
39.36923,-76.56794,3
39.34747,-76.69905,2
39.28891,-76.61144,5
39.34668,-76.68876,2
39.26805,-76.58961,0
39.29241,-76.57229,4
39.28761,-76.53982,4
39.29984,-76.64771,1
39.28250,-76.56494,4
39.28963,-76.61182,5
39.29249,-76.61812,5
39.32243,-76.57261,3
39.28735,-76.59933,5
39.23851,-76.60482,0
39.23851,-76.60482,0
39.34110,-76.67607,2
39.32095,-76.57250,3
39.27948,-76.65460,1
39.26944,-76.59492,0
39.32462,-76.61722,5
39.27715,-76.56655,4
39.29259,-76.56599,4
39.35557,-76.70157,2
39.30726,-76.62783,5
39.31217,-76.67008,1
39.29275,-76.68060,1
39.32101,-76.55088,3
39.35539,-76.60198,3
39.29067,-76.64473,1
39.29550,-76.65724,1
39.30150,-76.63740,5
39.29393,-76.65987,1
39.29536,-76.57707,4
39.29266,-76.57759,4
39.29732,-76.69093,1
39.32440,-76.57371,3
39.32362,-76.57359,3
39.29152,-76.56487,4
39.35741,-76.59079,3
39.28146,-76.62947,5
39.35900,-76.69932,2
39.22499,-76.58840,0
39.28623,-76.62092,5
39.36139,-76.55362,3
39.28700,-76.65083,1
39.29424,-76.57052,4
39.33846,-76.67705,2
39.32722,-76.57310,3
39.28375,-76.65532,1
39.27375,-76.61325,0
39.32226,-76.54687,3
39.28963,-76.61338,5
39.29613,-76.56868,4
39.35536,-76.57875,3
39.30078,-76.62641,5
39.31533,-76.66876,2
39.29711,-76.56277,4
39.30365,-76.59658,5
39.29129,-76.64774,1
39.29469,-76.59701,4
39.29749,-76.64919,1
39.29213,-76.60118,5
39.33830,-76.70100,2
39.31785,-76.56321,4
39.36061,-76.53939,3
39.28745,-76.54757,4
39.32703,-76.61344,5
39.37010,-76.56194,3
39.28782,-76.59583,4
39.26755,-76.65154,1
39.29923,-76.57298,4
39.28064,-76.65114,1
39.28654,-76.58503,4
39.33358,-76.69634,2
39.36740,-76.57230,3
39.26644,-76.58646,0
39.29470,-76.57558,4
39.25634,-76.63802,0
39.32869,-76.62800,5
39.35574,-76.70303,2
39.33908,-76.60428,3
39.29543,-76.59425,4
39.28740,-76.54446,4
39.26956,-76.64473,1
39.29451,-76.70249,1
39.28121,-76.57464,4
39.25568,-76.65053,1
39.27803,-76.67157,1
39.29804,-76.57867,4
39.22939,-76.60346,0
39.33562,-76.56201,3
39.33562,-76.56201,3
39.32054,-76.67732,2
39.27803,-76.67157,1
39.29747,-76.62181,5
39.28177,-76.62873,5
39.32266,-76.55314,3
39.32314,-76.56488,3
39.32503,-76.53339,3
39.35390,-76.58571,3
39.31570,-76.63618,5
39.27902,-76.65925,1
39.28029,-76.57972,4
39.28332,-76.59352,4
39.34074,-76.70103,2
39.29772,-76.61610,5
39.28243,-76.59288,4
39.28243,-76.59288,4
39.28640,-76.55571,4
39.30133,-76.64305,1
39.30521,-76.59804,5
39.27408,-76.62769,0
39.31339,-76.61191,5
39.28646,-76.59349,4
39.28646,-76.59349,4
39.33121,-76.63079,5
39.30052,-76.66522,1
39.29360,-76.56880,4
39.34242,-76.64590,2
39.30549,-76.57568,4
39.29373,-76.58194,4
39.33277,-76.61358,5
39.31385,-76.54065,4
39.33028,-76.62671,5
39.29838,-76.59441,4
39.33584,-76.54087,3
39.33028,-76.62671,5
39.22793,-76.58803,0
39.29130,-76.67372,1
39.28121,-76.59440,4
39.31208,-76.63869,5
39.27686,-76.61941,0
39.26172,-76.64690,1
39.34805,-76.58834,3
39.29656,-76.64285,1
39.29007,-76.56929,4
39.28783,-76.63369,5
39.27934,-76.56672,4
39.28836,-76.54572,4
39.29959,-76.62980,5
39.29720,-76.68616,1
39.35448,-76.66237,2
39.28326,-76.62662,5
39.32094,-76.62297,5
39.31890,-76.55160,4
39.32487,-76.56206,3
39.31868,-76.65399,1
39.25428,-76.65152,1
39.30898,-76.61157,5
39.33028,-76.62671,5
39.32685,-76.65761,2
39.23023,-76.60041,0
39.29303,-76.61816,5
39.30344,-76.63458,5
39.31339,-76.71088,2
39.30588,-76.58553,4
39.27681,-76.54466,4
39.34903,-76.53247,3
39.29755,-76.57444,4
39.28703,-76.55567,4
39.35193,-76.53199,3
39.34445,-76.68562,2
39.36247,-76.69989,2
39.36247,-76.69989,2
39.33262,-76.67565,2
39.33611,-76.53463,3
39.28676,-76.60781,5
39.29127,-76.61110,5
39.28681,-76.60533,5
39.29870,-76.58506,4
39.30072,-76.58976,4
39.26780,-76.68750,1
39.36079,-76.70703,2
39.26896,-76.66952,1
39.32763,-76.60939,5
39.28648,-76.65106,1
39.33868,-76.67925,2
39.29037,-76.59385,4
39.30036,-76.59931,5
39.30036,-76.59931,5
39.25541,-76.64279,0
39.28939,-76.57604,4
39.33697,-76.57307,3
39.28939,-76.57604,4
39.31615,-76.55784,4
39.30036,-76.59931,5
39.30036,-76.59931,5
39.29550,-76.65051,1
39.28082,-76.53478,4
39.29996,-76.61309,5
39.33870,-76.70397,2
39.34079,-76.68577,2
39.34913,-76.53450,3
39.31989,-76.62303,5
39.30800,-76.64488,1
39.36196,-76.60582,3
39.31354,-76.61804,5
39.30415,-76.59955,5
39.30415,-76.59955,5
39.30667,-76.62828,5
39.35958,-76.56694,3
39.28147,-76.69132,1
39.35858,-76.60993,3
39.26776,-76.65890,1
39.31209,-76.58386,4
39.26757,-76.65152,1
39.35807,-76.60058,3
39.30019,-76.60341,5
39.28367,-76.63056,5
39.33538,-76.70529,2
39.33483,-76.61062,5
39.28570,-76.65726,1
39.31282,-76.65236,1
39.31282,-76.65236,1
39.29656,-76.53016,4
39.28761,-76.53982,4
39.24591,-76.62035,0
39.28755,-76.63864,1
39.25025,-76.62227,0
39.32201,-76.54863,3
39.32001,-76.61040,5
39.29445,-76.61545,5
39.34510,-76.66263,2
39.28730,-76.63063,5
39.31378,-76.63135,5
39.31830,-76.60366,5
39.31830,-76.60366,5
39.31830,-76.60366,5
39.31830,-76.60366,5
39.31830,-76.60366,5
39.34080,-76.66271,2
39.29283,-76.59872,5
39.28356,-76.57921,4
39.32303,-76.59019,3
39.33292,-76.61317,5
39.28376,-76.58853,4
39.28616,-76.58878,4
39.27289,-76.60784,0
39.32709,-76.67147,2
39.32330,-76.67596,2
39.28829,-76.64250,1
39.35149,-76.58639,3
39.36858,-76.59863,3
39.28122,-76.54819,4
39.37133,-76.59541,3
39.33599,-76.56075,3
39.28627,-76.63194,5
39.29952,-76.65815,1
39.29560,-76.63996,1
39.26268,-76.63751,0
39.35339,-76.57836,3
39.29736,-76.57436,4
39.29736,-76.57436,4
39.33639,-76.63794,5
39.31402,-76.64578,1
39.28533,-76.59450,4
39.28856,-76.61076,5
39.30123,-76.58459,4
39.30831,-76.60245,5
39.30477,-76.58217,4
39.31387,-76.63735,5
39.31112,-76.66980,1
39.26712,-76.68488,1
39.32225,-76.59767,5
39.28930,-76.61230,5
39.28930,-76.61230,5
39.29390,-76.62131,5
39.27408,-76.62769,0
39.37040,-76.60050,3
39.30625,-76.67218,1
39.29763,-76.58415,4
39.33666,-76.68586,2
39.32681,-76.65940,2
39.29721,-76.66511,1
39.33941,-76.67086,2
39.26826,-76.60025,0
39.30080,-76.58760,4
39.32312,-76.56486,3
39.28513,-76.57356,4
39.35180,-76.68340,2
39.28215,-76.62784,5
39.22788,-76.59387,0
39.28706,-76.55422,4
39.28829,-76.62367,5
39.31089,-76.67561,1
39.30410,-76.58666,4
39.31794,-76.64866,1
39.31082,-76.64154,5
39.27710,-76.56538,4
39.35952,-76.58856,3
39.30127,-76.58392,4
39.28594,-76.58394,4
39.29156,-76.59368,4
39.31561,-76.56872,4
39.32193,-76.68927,2
39.28673,-76.56491,4
39.32632,-76.60944,5
39.34425,-76.68376,2
39.36050,-76.56853,3
39.29982,-76.63738,5
39.30186,-76.63595,5
39.33109,-76.66023,2
39.31868,-76.65399,1
39.31413,-76.60732,5
39.22859,-76.59174,0
39.28683,-76.58872,4
39.31374,-76.62907,5
39.31186,-76.62704,5
39.31097,-76.61932,5
39.25102,-76.64465,0
39.29723,-76.58358,4
39.31266,-76.58310,4
39.26036,-76.66604,1
39.29260,-76.57766,4
39.34533,-76.62211,5
39.33199,-76.65497,2
39.33146,-76.69580,2
39.27775,-76.54171,4
39.32191,-76.66431,2
39.30831,-76.60245,5
39.28783,-76.63156,5
39.35262,-76.59051,3
39.29779,-76.58369,4
39.32514,-76.62165,5
39.34326,-76.55941,3
39.33179,-76.59539,3
39.32831,-76.59789,5
39.27459,-76.61752,0
39.29804,-76.57504,4
39.32613,-76.57293,3
39.31148,-76.58453,4
39.30652,-76.63113,5
39.32074,-76.57477,3
39.30642,-76.63103,5
39.31249,-76.64539,1
39.29862,-76.61713,5
39.28845,-76.59362,4
39.27518,-76.61539,0
39.34438,-76.53888,3
39.32348,-76.60737,5
39.29837,-76.63863,1
39.28122,-76.54819,4
39.30704,-76.66999,1
39.34998,-76.69347,2
39.29707,-76.57367,4
39.28673,-76.56491,4
39.30878,-76.62557,5
39.29867,-76.58568,4
39.35197,-76.59375,3
39.34420,-76.64515,2
39.29529,-76.59129,4
39.28673,-76.56491,4
39.31658,-76.61417,5
39.32458,-76.59479,5
39.29092,-76.56785,4
39.30702,-76.61211,5
39.32260,-76.56898,3
39.34126,-76.63961,2
39.35895,-76.57134,3
39.30802,-76.60064,5
39.28601,-76.60044,5
39.33603,-76.67541,2
39.31887,-76.62474,5
39.28416,-76.57703,4
39.29171,-76.58916,4
39.30705,-76.63022,5
39.32109,-76.65646,2
39.29268,-76.58043,4
39.29422,-76.63803,1
39.35864,-76.61022,3
39.35864,-76.61022,3
39.35864,-76.61022,3
39.31715,-76.60950,5
39.23449,-76.60873,0
39.33441,-76.62042,5
39.33441,-76.62042,5
39.27507,-76.66768,1
39.33812,-76.59816,3
39.34977,-76.69573,2
39.29527,-76.57479,4
39.29468,-76.59419,4
39.29555,-76.61827,5
39.29555,-76.61827,5
39.36718,-76.69447,2
39.30883,-76.61471,5
39.29592,-76.57924,4
39.28161,-76.65736,1
39.36936,-76.60978,3
39.29436,-76.57255,4
39.29482,-76.58349,4
39.32458,-76.59263,3
39.32458,-76.59263,3
39.28372,-76.56317,4
39.24081,-76.62413,0
39.35714,-76.61758,3
39.29720,-76.57302,4
39.31640,-76.61529,5
39.26944,-76.61536,0
39.28879,-76.59857,4
39.35439,-76.53115,3
39.35439,-76.53115,3
39.29222,-76.64471,1
39.30980,-76.57309,4
39.28741,-76.58547,4
39.25561,-76.65194,1
39.33447,-76.53682,3
39.33983,-76.60328,3
39.33983,-76.60328,3
39.29477,-76.68506,1
39.29385,-76.57563,4
39.29743,-76.60242,5
39.33786,-76.66780,2
39.32441,-76.54079,3
39.28949,-76.56724,4
39.32506,-76.54406,3
39.32506,-76.54406,3
39.33364,-76.55604,3
39.28982,-76.63545,1
39.23852,-76.60953,0
39.35792,-76.70093,2
39.31138,-76.63666,5
39.32070,-76.54826,3
39.29141,-76.61032,5
39.29264,-76.57759,4
39.35046,-76.57200,3
39.32125,-76.61441,5
39.29637,-76.64852,1
39.33763,-76.68738,2
39.26580,-76.64524,1
39.30445,-76.59375,4
39.31431,-76.63953,5
39.29507,-76.70451,1
39.28667,-76.68681,1
39.28668,-76.60980,5
39.32653,-76.56059,3
39.28383,-76.58271,4
39.33081,-76.63534,5
39.28647,-76.57186,4
39.28801,-76.62915,5
39.33154,-76.54387,3
39.31002,-76.59295,4
39.35776,-76.53042,3
39.33299,-76.63656,5
39.32718,-76.61349,5
39.31063,-76.56229,4
39.27886,-76.55441,4
39.27886,-76.55441,4
39.27700,-76.61237,0
39.34221,-76.68251,2
39.31438,-76.67448,2
39.28310,-76.53660,4
39.30448,-76.66774,1
39.29087,-76.63859,1
39.29439,-76.58332,4
39.27515,-76.61545,0
39.31235,-76.66598,1
39.29529,-76.59129,4
39.28467,-76.62713,5
39.27605,-76.61149,0
39.29159,-76.59139,4
39.27101,-76.67980,1
39.29957,-76.59632,5
39.28026,-76.65995,1
39.27587,-76.61291,0
39.28467,-76.62713,5
39.29090,-76.57399,4
39.31450,-76.62947,5
39.30497,-76.60505,5
39.34506,-76.59863,3
39.31533,-76.61523,5
39.28218,-76.61416,5
39.33859,-76.65857,2
39.35785,-76.57593,3
39.32723,-76.61350,5
39.28699,-76.67160,1
39.30396,-76.60346,5
39.27408,-76.62769,0
39.32879,-76.54160,3
39.27554,-76.61710,0
39.33927,-76.66425,2
39.26243,-76.63330,0
39.35497,-76.55914,3
39.28574,-76.63523,1
39.30346,-76.64184,1
39.34735,-76.66887,2
39.28215,-76.62791,5
39.32428,-76.59584,5
39.32281,-76.53974,3
39.28296,-76.56695,4
39.28242,-76.59288,4
39.37190,-76.59302,3
39.35287,-76.66684,2
39.30549,-76.61904,5
39.34593,-76.59356,3
39.30720,-76.63368,5
39.31040,-76.66227,1
39.28416,-76.57703,4
39.28355,-76.65563,1
39.29339,-76.69559,1
39.32314,-76.68188,2
39.30994,-76.61363,5
39.27116,-76.61514,0
39.28564,-76.62532,5
39.36790,-76.64945,2
39.29859,-76.62413,5
39.30883,-76.61471,5
39.31890,-76.55160,4
39.30357,-76.63453,5
39.36122,-76.71037,2
39.29127,-76.62595,5
39.28761,-76.53982,4
39.29686,-76.63858,1
39.36086,-76.56692,3
39.30911,-76.58937,4
39.34610,-76.63587,2
39.31232,-76.55962,4
39.29252,-76.57907,4
39.30204,-76.63285,5
39.28325,-76.64263,1
39.33938,-76.57287,3
39.28763,-76.59149,4
39.34445,-76.68562,2
39.29858,-76.62437,5
39.32922,-76.56411,3
39.31089,-76.67560,1
39.32329,-76.68296,2
39.25137,-76.61498,0
39.28402,-76.67988,1
39.29554,-76.67397,1
39.27273,-76.53055,4
39.31650,-76.57669,4
39.29502,-76.66410,1
39.29215,-76.57891,4
39.31876,-76.65930,2
39.30039,-76.64685,1
39.34533,-76.67691,2
39.29389,-76.58415,4
39.29697,-76.62659,5
39.36278,-76.55245,3
39.29118,-76.56929,4
39.31374,-76.61263,5
39.37040,-76.60048,3
39.25266,-76.61681,0
39.29071,-76.67259,1
39.29048,-76.58465,4
39.28533,-76.59344,4
39.27408,-76.62769,0
39.27807,-76.61441,0
39.29282,-76.62114,5
39.36332,-76.69852,2
39.30709,-76.66994,1
39.29328,-76.57858,4
39.29298,-76.57189,4
39.29298,-76.57189,4
39.29261,-76.59499,4
39.33248,-76.65315,2
39.29689,-76.57890,4
39.31570,-76.63618,5
39.31679,-76.59533,5
39.34091,-76.60120,3
39.32925,-76.63009,5
39.32255,-76.61449,5
39.30109,-76.61992,5
39.37020,-76.68752,2
39.29730,-76.58003,4
39.33753,-76.66882,2
39.29095,-76.57327,4
39.32504,-76.67485,2
39.32859,-76.55178,3
39.28659,-76.56858,4
39.28843,-76.61372,5
39.30917,-76.57809,4
39.26956,-76.64473,1
39.34739,-76.53901,3
39.34385,-76.54854,3
39.32720,-76.66049,2
39.25377,-76.65422,1
39.31358,-76.66432,1
39.36535,-76.61149,3
39.35718,-76.69952,2
39.35071,-76.55982,3
39.35952,-76.58856,3
39.23606,-76.60161,0
39.23606,-76.60161,0
39.34506,-76.59863,3
39.22771,-76.59953,0
39.29304,-76.57037,4
39.28120,-76.53500,4
39.30016,-76.57613,4
39.36276,-76.67607,2
39.30478,-76.58259,4
39.27408,-76.62769,0
39.31963,-76.56954,4
39.32714,-76.68161,2
39.26157,-76.66657,1
39.29027,-76.59710,4
39.31715,-76.68513,2
39.34988,-76.66985,2
39.28718,-76.58874,4
39.28298,-76.56695,4
39.31012,-76.66963,1
39.28357,-76.64497,1
39.33997,-76.62451,5
39.29174,-76.58902,4
39.32462,-76.61722,5
39.28578,-76.67512,1
39.29677,-76.62629,5
39.28251,-76.64747,1
39.22306,-76.58718,0
39.28126,-76.65319,1
39.27936,-76.57029,4
39.29765,-76.58495,4
39.35870,-76.56905,3
39.32269,-76.53801,3
39.32389,-76.59427,5
39.29950,-76.62150,5
39.33499,-76.69374,2
39.30893,-76.67064,1
39.36619,-76.58485,3
39.33942,-76.54671,3
39.34440,-76.59138,3
39.28573,-76.59057,4
39.30252,-76.59356,4
39.29580,-76.57884,4
39.29388,-76.65975,1
39.35488,-76.61639,3
39.28783,-76.53711,4
39.30357,-76.63050,5
39.23225,-76.59772,0
39.29195,-76.58475,4
39.28299,-76.56695,4
39.28900,-76.61377,5
39.30253,-76.59469,4
39.28015,-76.65212,1
39.32302,-76.55614,3
39.36468,-76.58767,3
39.28771,-76.65641,1
39.35013,-76.65799,2
39.28036,-76.57532,4
39.22788,-76.59387,0
39.32930,-76.59100,3
39.28206,-76.57885,4
39.28206,-76.57885,4
39.30891,-76.61140,5
39.28949,-76.56724,4
39.30091,-76.57960,4
39.30492,-76.60628,5
39.35772,-76.67845,2
39.24823,-76.62040,0
39.29206,-76.58040,4
39.27137,-76.61515,0
39.33113,-76.52986,3
39.34831,-76.54999,3
39.34831,-76.54999,3
39.32935,-76.59178,3
39.29869,-76.62304,5
39.28388,-76.60031,5
39.27850,-76.56677,4
39.29684,-76.63331,5
39.32259,-76.56896,3
39.30187,-76.59373,4
39.33113,-76.52986,3
39.27293,-76.67423,1
39.29825,-76.59681,5
39.27430,-76.69749,1
39.33386,-76.61136,5
39.28430,-76.59912,4
39.30130,-76.62981,5
39.28566,-76.59198,4
39.29725,-76.61026,5
39.34668,-76.66644,2
39.29147,-76.56561,4
39.23385,-76.59812,0
39.23338,-76.59531,0
39.28552,-76.59524,4
39.28360,-76.64222,1
39.30573,-76.61856,5
39.32725,-76.61350,5
39.30492,-76.58708,4
39.28745,-76.54757,4
39.30720,-76.63368,5
39.28889,-76.61184,5
39.32555,-76.56188,3
39.31239,-76.69884,2
39.28228,-76.63337,1
39.35868,-76.57564,3
39.34047,-76.58258,3
39.35844,-76.57940,3
39.28925,-76.59426,4
39.27665,-76.61338,0
39.30173,-76.65433,1
39.28338,-76.59353,4
39.27684,-76.69908,1
39.30436,-76.63571,5
39.27408,-76.62769,0
39.29862,-76.68241,1
39.32689,-76.55872,3
39.27833,-76.65760,1
39.29288,-76.67410,1
39.31040,-76.64815,1
39.28081,-76.65414,1
39.31896,-76.56866,4
39.28964,-76.61025,5
39.34722,-76.67856,2
39.34799,-76.53829,3
39.31187,-76.65147,1
39.28081,-76.65414,1
39.28657,-76.61334,5
39.36965,-76.54926,3
39.22859,-76.60303,0
